Eloquence Software Synthesizer Voice profile,,,,
Unique Identifier,Aliases,Range,Default,Definition
,Options.PrimarySynthesizer,text,eloq,Options section defines profile defaults. Must match short name defined in JFW.ini
,Options.PrimaryLanguage,text,*,must match first three letters of a language specific section. Use * to match JAWS UI language
,Options.Factory,Binary,1,Set to 1 to disallow modification by user.
displayName,enu-Global.DisplayName,text,Global,"Context sections format is three letter language abbreviation followed by a dash, followed by a context name."
rate,enu-Global.Rate,"range(40,150)",57,
pitch,enu-Global.Pitch,"range(1,100)",65,
volume,enu-Global.Volume,"range(0,100)",100,
punctuationVerbosity,enu-Global.Punctuation,"range(0,3)",2,
spellRateDelta,enu-Global.SpellRateDelta,Integer,-20,
upperCasePitchDelta,enu-Global.UpperCasePitchDelta,Integer,20,
,enu-Global.Parent,text,None,
,enu-Global.VoiceName,text,Reed,
,enu-Global.SynthLangString,text,American English,
,enu-JAWSCursor.DisplayName,text,JAWS Cursor,
,enu-JAWSCursor.Rate,"range(40,150)",57,
,enu-JAWSCursor.Pitch,"range(1,100)",58,
,enu-JAWSCursor.Volume,"range(0,100)",100,
,enu-JAWSCursor.Punctuation,"range(0,3)",2,
,enu-JAWSCursor.SpellRateDelta,Integer,-20,
,enu-JAWSCursor.UpperCasePitchDelta,Integer,20,
,enu-JAWSCursor.Parent,text,Global,
,enu-JAWSCursor.VoiceName,text,Glen,
,enu-JAWSCursor.SynthLangString,text,American English,
,enu-Keyboard.DisplayName,text,Keyboard,
,enu-Keyboard.Rate,"range(40,150)",57,
,enu-Keyboard.Pitch,"range(1,100)",65,
,enu-Keyboard.Volume,"range(0,100)",100,
,enu-Keyboard.Punctuation,"range(0,3)",2,
,enu-Keyboard.SpellRateDelta,Integer,-20,
,enu-Keyboard.UpperCasePitchDelta,Integer,20,
,enu-Keyboard.Parent,text,Global,
,enu-Keyboard.VoiceName,text,Reed,
,enu-Keyboard.SynthLangString,text,American English,
,enu-MenuAndDialog.DisplayName,text,Menu and Dialog,
,enu-MenuAndDialog.Rate,"range(40,150)",57,
,enu-MenuAndDialog.Pitch,"range(1,100)",65,
,enu-MenuAndDialog.Volume,"range(0,100)",100,
,enu-MenuAndDialog.Punctuation,"range(0,3)",2,
,enu-MenuAndDialog.SpellRateDelta,Integer,-20,
,enu-MenuAndDialog.UpperCasePitchDelta,Integer,20,
,enu-MenuAndDialog.Parent,text,Global,
,enu-MenuAndDialog.VoiceName,text,Reed,
,enu-MenuAndDialog.SynthLangString,text,American English,
,enu-Message.DisplayName,text,Message,
,enu-Message.Rate,"range(40,150)",57,
,enu-Message.Pitch,"range(1,100)",60,
,enu-Message.Volume,"range(0,100)",100,
,enu-Message.Punctuation,"range(0,3)",0,
,enu-Message.SpellRateDelta,Integer,-20,
,enu-Message.UpperCasePitchDelta,Integer,20,
,enu-Message.Parent,text,Global,
,enu-Message.VoiceName,text,Reed,
,enu-Message.SynthLangString,text,American English,
,enu-PCCursor.DisplayName,text,PC Cursor,
,enu-PCCursor.Rate,"range(40,150)",57,
,enu-PCCursor.Pitch,"range(1,100)",65,
,enu-PCCursor.Volume,"range(0,100)",100,
,enu-PCCursor.Punctuation,"range(0,3)",2,
,enu-PCCursor.SpellRateDelta,Integer,-20,
,enu-PCCursor.UpperCasePitchDelta,Integer,20,
,enu-PCCursor.Parent,text,Global,
,enu-PCCursor.VoiceName,text,Reed,
,enu-PCCursor.SynthLangString,text,American English,
,eng-Global.DisplayName,text,Global,
,eng-Global.Rate,"range(40,150)",57,
,eng-Global.Pitch,"range(1,100)",65,
,eng-Global.Volume,"range(0,100)",100,
,eng-Global.Punctuation,"range(0,3)",2,
,eng-Global.SpellRateDelta,Integer,-20,
,eng-Global.UpperCasePitchDelta,Integer,20,
,eng-Global.Parent,text,None,
,eng-Global.VoiceName,text,Reed,
,eng-Global.SynthLangString,text,British English,
,eng-JAWSCursor.DisplayName,text,JAWS Cursor,
,eng-JAWSCursor.Rate,"range(40,150)",57,
,eng-JAWSCursor.Pitch,"range(1,100)",58,
,eng-JAWSCursor.Volume,"range(0,100)",100,
,eng-JAWSCursor.Punctuation,"range(0,3)",2,
,eng-JAWSCursor.SpellRateDelta,Integer,-20,
,eng-JAWSCursor.UpperCasePitchDelta,Integer,20,
,eng-JAWSCursor.Parent,text,Global,
,eng-JAWSCursor.VoiceName,text,Glen,
,eng-JAWSCursor.SynthLangString,text,British English,
,eng-Keyboard.DisplayName,text,Keyboard,
,eng-Keyboard.Rate,"range(40,150)",57,
,eng-Keyboard.Pitch,"range(1,100)",65,
,eng-Keyboard.Volume,"range(0,100)",100,
,eng-Keyboard.Punctuation,"range(0,3)",2,
,eng-Keyboard.SpellRateDelta,Integer,-20,
,eng-Keyboard.UpperCasePitchDelta,Integer,20,
,eng-Keyboard.Parent,text,Global,
,eng-Keyboard.VoiceName,text,Reed,
,eng-Keyboard.SynthLangString,text,British English,
,eng-MenuAndDialog.DisplayName,text,Menu and Dialog,
,eng-MenuAndDialog.Rate,"range(40,150)",57,
,eng-MenuAndDialog.Pitch,"range(1,100)",65,
,eng-MenuAndDialog.Volume,"range(0,100)",100,
,eng-MenuAndDialog.Punctuation,"range(0,3)",2,
,eng-MenuAndDialog.SpellRateDelta,Integer,-20,
,eng-MenuAndDialog.UpperCasePitchDelta,Integer,20,
,eng-MenuAndDialog.Parent,text,Global,
,eng-MenuAndDialog.VoiceName,text,Reed,
,eng-MenuAndDialog.SynthLangString,text,British English,
,eng-Message.DisplayName,text,Message,
,eng-Message.Rate,"range(40,150)",57,
,eng-Message.Pitch,"range(1,100)",60,
,eng-Message.Volume,"range(0,100)",100,
,eng-Message.Punctuation,"range(0,3)",0,
,eng-Message.SpellRateDelta,Integer,-20,
,eng-Message.UpperCasePitchDelta,Integer,20,
,eng-Message.Parent,text,Global,
,eng-Message.VoiceName,text,Reed,
,eng-Message.SynthLangString,text,British English,
,eng-PCCursor.DisplayName,text,PC Cursor,
,eng-PCCursor.Rate,"range(40,150)",57,
,eng-PCCursor.Pitch,"range(1,100)",65,
,eng-PCCursor.Volume,"range(0,100)",100,
,eng-PCCursor.Punctuation,"range(0,3)",2,
,eng-PCCursor.SpellRateDelta,Integer,-20,
,eng-PCCursor.UpperCasePitchDelta,Integer,20,
,eng-PCCursor.Parent,text,Global,
,eng-PCCursor.VoiceName,text,Reed,
,eng-PCCursor.SynthLangString,text,British English,
,fra-Global.DisplayName,text,Global,
,fra-Global.Rate,"range(40,150)",57,
,fra-Global.Pitch,"range(1,100)",65,
,fra-Global.Volume,"range(0,100)",100,
,fra-Global.Punctuation,"range(0,3)",2,
,fra-Global.SpellRateDelta,Integer,-20,
,fra-Global.UpperCasePitchDelta,Integer,20,
,fra-Global.Parent,text,None,
,fra-Global.VoiceName,text,Reed,
,fra-Global.SynthLangString,text,French,
,fra-JAWSCursor.DisplayName,text,JAWS Cursor,
,fra-JAWSCursor.Rate,"range(40,150)",57,
,fra-JAWSCursor.Pitch,"range(1,100)",58,
,fra-JAWSCursor.Volume,"range(0,100)",100,
,fra-JAWSCursor.Punctuation,"range(0,3)",2,
,fra-JAWSCursor.SpellRateDelta,Integer,-20,
,fra-JAWSCursor.UpperCasePitchDelta,Integer,20,
,fra-JAWSCursor.Parent,text,Global,
,fra-JAWSCursor.VoiceName,text,Glen,
,fra-JAWSCursor.SynthLangString,text,French,
,fra-Keyboard.DisplayName,text,Keyboard,
,fra-Keyboard.Rate,"range(40,150)",57,
,fra-Keyboard.Pitch,"range(1,100)",65,
,fra-Keyboard.Volume,"range(0,100)",100,
,fra-Keyboard.Punctuation,"range(0,3)",2,
,fra-Keyboard.SpellRateDelta,Integer,-20,
,fra-Keyboard.UpperCasePitchDelta,Integer,20,
,fra-Keyboard.Parent,text,Global,
,fra-Keyboard.VoiceName,text,Reed,
,fra-Keyboard.SynthLangString,text,French,
,fra-MenuAndDialog.DisplayName,text,Menu and Dialog,
,fra-MenuAndDialog.Rate,"range(40,150)",57,
,fra-MenuAndDialog.Pitch,"range(1,100)",65,
,fra-MenuAndDialog.Volume,"range(0,100)",100,
,fra-MenuAndDialog.Punctuation,"range(0,3)",2,
,fra-MenuAndDialog.SpellRateDelta,Integer,-20,
,fra-MenuAndDialog.UpperCasePitchDelta,Integer,20,
,fra-MenuAndDialog.Parent,text,Global,
,fra-MenuAndDialog.VoiceName,text,Reed,
,fra-MenuAndDialog.SynthLangString,text,French,
,fra-Message.DisplayName,text,Message,
,fra-Message.Rate,"range(40,150)",57,
,fra-Message.Pitch,"range(1,100)",60,
,fra-Message.Volume,"range(0,100)",100,
,fra-Message.Punctuation,"range(0,3)",0,
,fra-Message.SpellRateDelta,Integer,-20,
,fra-Message.UpperCasePitchDelta,Integer,20,
,fra-Message.Parent,text,Global,
,fra-Message.VoiceName,text,Reed,
,fra-Message.SynthLangString,text,French,
,fra-PCCursor.DisplayName,text,PC Cursor,
,fra-PCCursor.Rate,"range(40,150)",57,
,fra-PCCursor.Pitch,"range(1,100)",65,
,fra-PCCursor.Volume,"range(0,100)",100,
,fra-PCCursor.Punctuation,"range(0,3)",2,
,fra-PCCursor.SpellRateDelta,Integer,-20,
,fra-PCCursor.UpperCasePitchDelta,Integer,20,
,fra-PCCursor.Parent,text,Global,
,fra-PCCursor.VoiceName,text,Reed,
,fra-PCCursor.SynthLangString,text,French,
,frc-Global.DisplayName,text,Global,
,frc-Global.Rate,"range(40,150)",57,
,frc-Global.Pitch,"range(1,100)",65,
,frc-Global.Volume,"range(0,100)",100,
,frc-Global.Punctuation,"range(0,3)",2,
,frc-Global.SpellRateDelta,Integer,-20,
,frc-Global.UpperCasePitchDelta,Integer,20,
,frc-Global.Parent,text,None,
,frc-Global.VoiceName,text,Reed,
,frc-Global.SynthLangString,text,French Canadian,
,frc-JAWSCursor.DisplayName,text,JAWS Cursor,
,frc-JAWSCursor.Rate,"range(40,150)",57,
,frc-JAWSCursor.Pitch,"range(1,100)",58,
,frc-JAWSCursor.Volume,"range(0,100)",100,
,frc-JAWSCursor.Punctuation,"range(0,3)",2,
,frc-JAWSCursor.SpellRateDelta,Integer,-20,
,frc-JAWSCursor.UpperCasePitchDelta,Integer,20,
,frc-JAWSCursor.Parent,text,Global,
,frc-JAWSCursor.VoiceName,text,Glen,
,frc-JAWSCursor.SynthLangString,text,French Canadian,
,frc-Keyboard.DisplayName,text,Keyboard,
,frc-Keyboard.Rate,"range(40,150)",57,
,frc-Keyboard.Pitch,"range(1,100)",65,
,frc-Keyboard.Volume,"range(0,100)",100,
,frc-Keyboard.Punctuation,"range(0,3)",2,
,frc-Keyboard.SpellRateDelta,Integer,-20,
,frc-Keyboard.UpperCasePitchDelta,Integer,20,
,frc-Keyboard.Parent,text,Global,
,frc-Keyboard.VoiceName,text,Reed,
,frc-Keyboard.SynthLangString,text,French Canadian,
,frc-MenuAndDialog.DisplayName,text,Menu and Dialog,
,frc-MenuAndDialog.Rate,"range(40,150)",57,
,frc-MenuAndDialog.Pitch,"range(1,100)",65,
,frc-MenuAndDialog.Volume,"range(0,100)",100,
,frc-MenuAndDialog.Punctuation,"range(0,3)",2,
,frc-MenuAndDialog.SpellRateDelta,Integer,-20,
,frc-MenuAndDialog.UpperCasePitchDelta,Integer,20,
,frc-MenuAndDialog.Parent,text,Global,
,frc-MenuAndDialog.VoiceName,text,Reed,
,frc-MenuAndDialog.SynthLangString,text,French Canadian,
,frc-Message.DisplayName,text,Message,
,frc-Message.Rate,"range(40,150)",57,
,frc-Message.Pitch,"range(1,100)",60,
,frc-Message.Volume,"range(0,100)",100,
,frc-Message.Punctuation,"range(0,3)",0,
,frc-Message.SpellRateDelta,Integer,-20,
,frc-Message.UpperCasePitchDelta,Integer,20,
,frc-Message.Parent,text,Global,
,frc-Message.VoiceName,text,Reed,
,frc-Message.SynthLangString,text,French Canadian,
,frc-PCCursor.DisplayName,text,PC Cursor,
,frc-PCCursor.Rate,"range(40,150)",57,
,frc-PCCursor.Pitch,"range(1,100)",65,
,frc-PCCursor.Volume,"range(0,100)",100,
,frc-PCCursor.Punctuation,"range(0,3)",2,
,frc-PCCursor.SpellRateDelta,Integer,-20,
,frc-PCCursor.UpperCasePitchDelta,Integer,20,
,frc-PCCursor.Parent,text,Global,
,frc-PCCursor.VoiceName,text,Reed,
,frc-PCCursor.SynthLangString,text,French Canadian,
,ita-Global.DisplayName,text,Generale,
,ita-Global.Rate,"range(40,150)",57,
,ita-Global.Pitch,"range(1,100)",65,
,ita-Global.Volume,"range(0,100)",100,
,ita-Global.Punctuation,"range(0,3)",2,
,ita-Global.SpellRateDelta,Integer,-20,
,ita-Global.UpperCasePitchDelta,Integer,20,
,ita-Global.Parent,text,None,
,ita-Global.VoiceName,text,Reed,
,ita-Global.SynthLangString,text,Italian,
,ita-JAWSCursor.DisplayName,text,Cursore Jaws,
,ita-JAWSCursor.Rate,"range(40,150)",57,
,ita-JAWSCursor.Pitch,"range(1,100)",58,
,ita-JAWSCursor.Volume,"range(0,100)",100,
,ita-JAWSCursor.Punctuation,"range(0,3)",2,
,ita-JAWSCursor.SpellRateDelta,Integer,-20,
,ita-JAWSCursor.UpperCasePitchDelta,Integer,20,
,ita-JAWSCursor.Parent,text,Global,
,ita-JAWSCursor.VoiceName,text,Glen,
,ita-JAWSCursor.SynthLangString,text,Italian,
,ita-Keyboard.DisplayName,text,Tastiera,
,ita-Keyboard.Rate,"range(40,150)",57,
,ita-Keyboard.Pitch,"range(1,100)",65,
,ita-Keyboard.Volume,"range(0,100)",100,
,ita-Keyboard.Punctuation,"range(0,3)",2,
,ita-Keyboard.SpellRateDelta,Integer,-20,
,ita-Keyboard.UpperCasePitchDelta,Integer,20,
,ita-Keyboard.Parent,text,Global,
,ita-Keyboard.VoiceName,text,Reed,
,ita-Keyboard.SynthLangString,text,Italian,
,ita-MenuAndDialog.DisplayName,text,Menu e finestre di dialogo,
,ita-MenuAndDialog.Rate,"range(40,150)",57,
,ita-MenuAndDialog.Pitch,"range(1,100)",65,
,ita-MenuAndDialog.Volume,"range(0,100)",100,
,ita-MenuAndDialog.Punctuation,"range(0,3)",2,
,ita-MenuAndDialog.SpellRateDelta,Integer,-20,
,ita-MenuAndDialog.UpperCasePitchDelta,Integer,20,
,ita-MenuAndDialog.Parent,text,Global,
,ita-MenuAndDialog.VoiceName,text,Reed,
,ita-MenuAndDialog.SynthLangString,text,Italian,
,ita-Message.DisplayName,text,Messaggi,
,ita-Message.Rate,"range(40,150)",57,
,ita-Message.Pitch,"range(1,100)",60,
,ita-Message.Volume,"range(0,100)",100,
,ita-Message.Punctuation,"range(0,3)",0,
,ita-Message.SpellRateDelta,Integer,-20,
,ita-Message.UpperCasePitchDelta,Integer,20,
,ita-Message.Parent,text,Global,
,ita-Message.VoiceName,text,Reed,
,ita-Message.SynthLangString,text,Italian,
,ita-PCCursor.DisplayName,text,Cursore PC,
,ita-PCCursor.Rate,"range(40,150)",57,
,ita-PCCursor.Pitch,"range(1,100)",65,
,ita-PCCursor.Volume,"range(0,100)",100,
,ita-PCCursor.Punctuation,"range(0,3)",2,
,ita-PCCursor.SpellRateDelta,Integer,-20,
,ita-PCCursor.UpperCasePitchDelta,Integer,20,
,ita-PCCursor.Parent,text,Global,
,ita-PCCursor.VoiceName,text,Reed,
,ita-PCCursor.SynthLangString,text,Italian,
,ptb-Global.DisplayName,text,Global,
,ptb-Global.Rate,"range(40,150)",57,
,ptb-Global.Pitch,"range(1,100)",65,
,ptb-Global.Volume,"range(0,100)",100,
,ptb-Global.Punctuation,"range(0,3)",2,
,ptb-Global.SpellRateDelta,Integer,-20,
,ptb-Global.UpperCasePitchDelta,Integer,20,
,ptb-Global.Parent,text,None,
,ptb-Global.VoiceName,text,Reed,
,ptb-Global.SynthLangString,text,Brazilian Portuguese,
,ptb-JAWSCursor.DisplayName,text,JAWS Cursor,
,ptb-JAWSCursor.Rate,"range(40,150)",57,
,ptb-JAWSCursor.Pitch,"range(1,100)",58,
,ptb-JAWSCursor.Volume,"range(0,100)",100,
,ptb-JAWSCursor.Punctuation,"range(0,3)",2,
,ptb-JAWSCursor.SpellRateDelta,Integer,-20,
,ptb-JAWSCursor.UpperCasePitchDelta,Integer,20,
,ptb-JAWSCursor.Parent,text,Global,
,ptb-JAWSCursor.VoiceName,text,Glen,
,ptb-JAWSCursor.SynthLangString,text,Brazilian Portuguese,
,ptb-Keyboard.DisplayName,text,Keyboard,
,ptb-Keyboard.Rate,"range(40,150)",57,
,ptb-Keyboard.Pitch,"range(1,100)",65,
,ptb-Keyboard.Volume,"range(0,100)",100,
,ptb-Keyboard.Punctuation,"range(0,3)",2,
,ptb-Keyboard.SpellRateDelta,Integer,-20,
,ptb-Keyboard.UpperCasePitchDelta,Integer,20,
,ptb-Keyboard.Parent,text,Global,
,ptb-Keyboard.VoiceName,text,Reed,
,ptb-Keyboard.SynthLangString,text,Brazilian Portuguese,
,ptb-MenuAndDialog.DisplayName,text,Menu and Dialog,
,ptb-MenuAndDialog.Rate,"range(40,150)",57,
,ptb-MenuAndDialog.Pitch,"range(1,100)",65,
,ptb-MenuAndDialog.Volume,"range(0,100)",100,
,ptb-MenuAndDialog.Punctuation,"range(0,3)",2,
,ptb-MenuAndDialog.SpellRateDelta,Integer,-20,
,ptb-MenuAndDialog.UpperCasePitchDelta,Integer,20,
,ptb-MenuAndDialog.Parent,text,Global,
,ptb-MenuAndDialog.VoiceName,text,Reed,
,ptb-MenuAndDialog.SynthLangString,text,Brazilian Portuguese,
,ptb-Message.DisplayName,text,Message,
,ptb-Message.Rate,"range(40,150)",57,
,ptb-Message.Pitch,"range(1,100)",60,
,ptb-Message.Volume,"range(0,100)",100,
,ptb-Message.Punctuation,"range(0,3)",0,
,ptb-Message.SpellRateDelta,Integer,-20,
,ptb-Message.UpperCasePitchDelta,Integer,20,
,ptb-Message.Parent,text,Global,
,ptb-Message.VoiceName,text,Reed,
,ptb-Message.SynthLangString,text,Brazilian Portuguese,
,ptb-PCCursor.DisplayName,text,PC Cursor,
,ptb-PCCursor.Rate,"range(40,150)",57,
,ptb-PCCursor.Pitch,"range(1,100)",65,
,ptb-PCCursor.Volume,"range(0,100)",100,
,ptb-PCCursor.Punctuation,"range(0,3)",2,
,ptb-PCCursor.SpellRateDelta,Integer,-20,
,ptb-PCCursor.UpperCasePitchDelta,Integer,20,
,ptb-PCCursor.Parent,text,Global,
,ptb-PCCursor.VoiceName,text,Reed,
,ptb-PCCursor.SynthLangString,text,Brazilian Portuguese,
,deu-Global.DisplayName,text,Global,
,deu-Global.Rate,"range(40,150)",57,
,deu-Global.Pitch,"range(1,100)",65,
,deu-Global.Volume,"range(0,100)",100,
,deu-Global.Punctuation,"range(0,3)",2,
,deu-Global.SpellRateDelta,Integer,-20,
,deu-Global.UpperCasePitchDelta,Integer,20,
,deu-Global.Parent,text,None,
,deu-Global.VoiceName,text,Reed,
,deu-Global.SynthLangString,text,German,
,deu-JAWSCursor.DisplayName,text,JAWS Cursor,
,deu-JAWSCursor.Rate,"range(40,150)",57,
,deu-JAWSCursor.Pitch,"range(1,100)",58,
,deu-JAWSCursor.Volume,"range(0,100)",100,
,deu-JAWSCursor.Punctuation,"range(0,3)",2,
,deu-JAWSCursor.SpellRateDelta,Integer,-20,
,deu-JAWSCursor.UpperCasePitchDelta,Integer,20,
,deu-JAWSCursor.Parent,text,Global,
,deu-JAWSCursor.VoiceName,text,Glen,
,deu-JAWSCursor.SynthLangString,text,German,
,deu-Keyboard.DisplayName,text,Keyboard,
,deu-Keyboard.Rate,"range(40,150)",57,
,deu-Keyboard.Pitch,"range(1,100)",65,
,deu-Keyboard.Volume,"range(0,100)",100,
,deu-Keyboard.Punctuation,"range(0,3)",2,
,deu-Keyboard.SpellRateDelta,Integer,-20,
,deu-Keyboard.UpperCasePitchDelta,Integer,20,
,deu-Keyboard.Parent,text,Global,
,deu-Keyboard.VoiceName,text,Reed,
,deu-Keyboard.SynthLangString,text,German,
,deu-MenuAndDialog.DisplayName,text,Menu and Dialog,
,deu-MenuAndDialog.Rate,"range(40,150)",57,
,deu-MenuAndDialog.Pitch,"range(1,100)",65,
,deu-MenuAndDialog.Volume,"range(0,100)",100,
,deu-MenuAndDialog.Punctuation,"range(0,3)",2,
,deu-MenuAndDialog.SpellRateDelta,Integer,-20,
,deu-MenuAndDialog.UpperCasePitchDelta,Integer,20,
,deu-MenuAndDialog.Parent,text,Global,
,deu-MenuAndDialog.VoiceName,text,Reed,
,deu-MenuAndDialog.SynthLangString,text,German,
,deu-Message.DisplayName,text,Message,
,deu-Message.Rate,"range(40,150)",57,
,deu-Message.Pitch,"range(1,100)",60,
,deu-Message.Volume,"range(0,100)",100,
,deu-Message.Punctuation,"range(0,3)",0,
,deu-Message.SpellRateDelta,Integer,-20,
,deu-Message.UpperCasePitchDelta,Integer,20,
,deu-Message.Parent,text,Global,
,deu-Message.VoiceName,text,Reed,
,deu-Message.SynthLangString,text,German,
,deu-PCCursor.DisplayName,text,PC Cursor,
,deu-PCCursor.Rate,"range(40,150)",57,
,deu-PCCursor.Pitch,"range(1,100)",65,
,deu-PCCursor.Volume,"range(0,100)",100,
,deu-PCCursor.Punctuation,"range(0,3)",2,
,deu-PCCursor.SpellRateDelta,Integer,-20,
,deu-PCCursor.UpperCasePitchDelta,Integer,20,
,deu-PCCursor.Parent,text,Global,
,deu-PCCursor.VoiceName,text,Reed,
,deu-PCCursor.SynthLangString,text,German,
,esm-Global.DisplayName,text,Global,
,esm-Global.Rate,"range(40,150)",57,
,esm-Global.Pitch,"range(1,100)",65,
,esm-Global.Volume,"range(0,100)",100,
,esm-Global.Punctuation,"range(0,3)",2,
,esm-Global.SpellRateDelta,Integer,-20,
,esm-Global.UpperCasePitchDelta,Integer,20,
,esm-Global.Parent,text,None,
,esm-Global.VoiceName,text,Reed,
,esm-Global.SynthLangString,text,Latin American Spanish,
,esm-JAWSCursor.DisplayName,text,JAWS Cursor,
,esm-JAWSCursor.Rate,"range(40,150)",57,
,esm-JAWSCursor.Pitch,"range(1,100)",58,
,esm-JAWSCursor.Volume,"range(0,100)",100,
,esm-JAWSCursor.Punctuation,"range(0,3)",2,
,esm-JAWSCursor.SpellRateDelta,Integer,-20,
,esm-JAWSCursor.UpperCasePitchDelta,Integer,20,
,esm-JAWSCursor.Parent,text,Global,
,esm-JAWSCursor.VoiceName,text,Glen,
,esm-JAWSCursor.SynthLangString,text,Latin American Spanish,
,esm-Keyboard.DisplayName,text,Keyboard,
,esm-Keyboard.Rate,"range(40,150)",57,
,esm-Keyboard.Pitch,"range(1,100)",65,
,esm-Keyboard.Volume,"range(0,100)",100,
,esm-Keyboard.Punctuation,"range(0,3)",2,
,esm-Keyboard.SpellRateDelta,Integer,-20,
,esm-Keyboard.UpperCasePitchDelta,Integer,20,
,esm-Keyboard.Parent,text,Global,
,esm-Keyboard.VoiceName,text,Reed,
,esm-Keyboard.SynthLangString,text,Latin American Spanish,
,esm-MenuAndDialog.DisplayName,text,Menu and Dialog,
,esm-MenuAndDialog.Rate,"range(40,150)",57,
,esm-MenuAndDialog.Pitch,"range(1,100)",65,
,esm-MenuAndDialog.Volume,"range(0,100)",100,
,esm-MenuAndDialog.Punctuation,"range(0,3)",2,
,esm-MenuAndDialog.SpellRateDelta,Integer,-20,
,esm-MenuAndDialog.UpperCasePitchDelta,Integer,20,
,esm-MenuAndDialog.Parent,text,Global,
,esm-MenuAndDialog.VoiceName,text,Reed,
,esm-MenuAndDialog.SynthLangString,text,Latin American Spanish,
,esm-Message.DisplayName,text,Message,
,esm-Message.Rate,"range(40,150)",57,
,esm-Message.Pitch,"range(1,100)",60,
,esm-Message.Volume,"range(0,100)",100,
,esm-Message.Punctuation,"range(0,3)",0,
,esm-Message.SpellRateDelta,Integer,-20,
,esm-Message.UpperCasePitchDelta,Integer,20,
,esm-Message.Parent,text,Global,
,esm-Message.VoiceName,text,Reed,
,esm-Message.SynthLangString,text,Latin American Spanish,
,esm-PCCursor.DisplayName,text,PC Cursor,
,esm-PCCursor.Rate,"range(40,150)",57,
,esm-PCCursor.Pitch,"range(1,100)",65,
,esm-PCCursor.Volume,"range(0,100)",100,
,esm-PCCursor.Punctuation,"range(0,3)",2,
,esm-PCCursor.SpellRateDelta,Integer,-20,
,esm-PCCursor.UpperCasePitchDelta,Integer,20,
,esm-PCCursor.Parent,text,Global,
,esm-PCCursor.VoiceName,text,Reed,
,esm-PCCursor.SynthLangString,text,Latin American Spanish,
,esn-Global.DisplayName,text,Global,
,esn-Global.Rate,"range(40,150)",57,
,esn-Global.Pitch,"range(1,100)",65,
,esn-Global.Volume,"range(0,100)",100,
,esn-Global.Punctuation,"range(0,3)",2,
,esn-Global.SpellRateDelta,Integer,-20,
,esn-Global.UpperCasePitchDelta,Integer,20,
,esn-Global.Parent,text,None,
,esn-Global.VoiceName,text,Reed,
,esn-Global.SynthLangString,text,Castilian Spanish,
,esn-JAWSCursor.DisplayName,text,JAWS Cursor,
,esn-JAWSCursor.Rate,"range(40,150)",57,
,esn-JAWSCursor.Pitch,"range(1,100)",58,
,esn-JAWSCursor.Volume,"range(0,100)",100,
,esn-JAWSCursor.Punctuation,"range(0,3)",2,
,esn-JAWSCursor.SpellRateDelta,Integer,-20,
,esn-JAWSCursor.UpperCasePitchDelta,Integer,20,
,esn-JAWSCursor.Parent,text,Global,
,esn-JAWSCursor.VoiceName,text,Glen,
,esn-JAWSCursor.SynthLangString,text,Castilian Spanish,
,esn-Keyboard.DisplayName,text,Keyboard,
,esn-Keyboard.Rate,"range(40,150)",57,
,esn-Keyboard.Pitch,"range(1,100)",65,
,esn-Keyboard.Volume,"range(0,100)",100,
,esn-Keyboard.Punctuation,"range(0,3)",2,
,esn-Keyboard.SpellRateDelta,Integer,-20,
,esn-Keyboard.UpperCasePitchDelta,Integer,20,
,esn-Keyboard.Parent,text,Global,
,esn-Keyboard.VoiceName,text,Reed,
,esn-Keyboard.SynthLangString,text,Castilian Spanish,
,esn-MenuAndDialog.DisplayName,text,Menu and Dialog,
,esn-MenuAndDialog.Rate,"range(40,150)",57,
,esn-MenuAndDialog.Pitch,"range(1,100)",65,
,esn-MenuAndDialog.Volume,"range(0,100)",100,
,esn-MenuAndDialog.Punctuation,"range(0,3)",2,
,esn-MenuAndDialog.SpellRateDelta,Integer,-20,
,esn-MenuAndDialog.UpperCasePitchDelta,Integer,20,
,esn-MenuAndDialog.Parent,text,Global,
,esn-MenuAndDialog.VoiceName,text,Reed,
,esn-MenuAndDialog.SynthLangString,text,Castilian Spanish,
,esn-Message.DisplayName,text,Message,
,esn-Message.Rate,"range(40,150)",57,
,esn-Message.Pitch,"range(1,100)",60,
,esn-Message.Volume,"range(0,100)",100,
,esn-Message.Punctuation,"range(0,3)",0,
,esn-Message.SpellRateDelta,Integer,-20,
,esn-Message.UpperCasePitchDelta,Integer,20,
,esn-Message.Parent,text,Global,
,esn-Message.VoiceName,text,Reed,
,esn-Message.SynthLangString,text,Castilian Spanish,
,esn-PCCursor.DisplayName,text,PC Cursor,
,esn-PCCursor.Rate,"range(40,150)",57,
,esn-PCCursor.Pitch,"range(1,100)",65,
,esn-PCCursor.Volume,"range(0,100)",100,
,esn-PCCursor.Punctuation,"range(0,3)",2,
,esn-PCCursor.SpellRateDelta,Integer,-20,
,esn-PCCursor.UpperCasePitchDelta,Integer,20,
,esn-PCCursor.Parent,text,Global,
,esn-PCCursor.VoiceName,text,Reed,
,esn-PCCursor.SynthLangString,text,Castilian Spanish,
,fin-Global.DisplayName,text,Global,
,fin-Global.Rate,"range(40,150)",57,
,fin-Global.Pitch,"range(1,100)",65,
,fin-Global.Volume,"range(0,100)",100,
,fin-Global.Punctuation,"range(0,3)",2,
,fin-Global.SpellRateDelta,Integer,-20,
,fin-Global.UpperCasePitchDelta,Integer,20,
,fin-Global.Parent,text,None,
,fin-Global.VoiceName,text,Reed,
,fin-Global.SynthLangString,text,Finnish,
,fin-JAWSCursor.DisplayName,text,JAWS Cursor,
,fin-JAWSCursor.Rate,"range(40,150)",57,
,fin-JAWSCursor.Pitch,"range(1,100)",58,
,fin-JAWSCursor.Volume,"range(0,100)",100,
,fin-JAWSCursor.Punctuation,"range(0,3)",2,
,fin-JAWSCursor.SpellRateDelta,Integer,-20,
,fin-JAWSCursor.UpperCasePitchDelta,Integer,20,
,fin-JAWSCursor.Parent,text,Global,
,fin-JAWSCursor.VoiceName,text,Glen,
,fin-JAWSCursor.SynthLangString,text,Finnish,
,fin-Keyboard.DisplayName,text,Keyboard,
,fin-Keyboard.Rate,"range(40,150)",57,
,fin-Keyboard.Pitch,"range(1,100)",65,
,fin-Keyboard.Volume,"range(0,100)",100,
,fin-Keyboard.Punctuation,"range(0,3)",2,
,fin-Keyboard.SpellRateDelta,Integer,-20,
,fin-Keyboard.UpperCasePitchDelta,Integer,20,
,fin-Keyboard.Parent,text,Global,
,fin-Keyboard.VoiceName,text,Reed,
,fin-Keyboard.SynthLangString,text,Finnish,
,fin-MenuAndDialog.DisplayName,text,Menu and Dialog,
,fin-MenuAndDialog.Rate,"range(40,150)",57,
,fin-MenuAndDialog.Pitch,"range(1,100)",65,
,fin-MenuAndDialog.Volume,"range(0,100)",100,
,fin-MenuAndDialog.Punctuation,"range(0,3)",2,
,fin-MenuAndDialog.SpellRateDelta,Integer,-20,
,fin-MenuAndDialog.UpperCasePitchDelta,Integer,20,
,fin-MenuAndDialog.Parent,text,Global,
,fin-MenuAndDialog.VoiceName,text,Reed,
,fin-MenuAndDialog.SynthLangString,text,Finnish,
,fin-Message.DisplayName,text,Message,
,fin-Message.Rate,"range(40,150)",57,
,fin-Message.Pitch,"range(1,100)",60,
,fin-Message.Volume,"range(0,100)",100,
,fin-Message.Punctuation,"range(0,3)",0,
,fin-Message.SpellRateDelta,Integer,-20,
,fin-Message.UpperCasePitchDelta,Integer,20,
,fin-Message.Parent,text,Global,
,fin-Message.VoiceName,text,Reed,
,fin-Message.SynthLangString,text,Finnish,
,fin-PCCursor.DisplayName,text,PC Cursor,
,fin-PCCursor.Rate,"range(40,150)",57,
,fin-PCCursor.Pitch,"range(1,100)",65,
,fin-PCCursor.Volume,"range(0,100)",100,
,fin-PCCursor.Punctuation,"range(0,3)",2,
,fin-PCCursor.SpellRateDelta,Integer,-20,
,fin-PCCursor.UpperCasePitchDelta,Integer,20,
,fin-PCCursor.Parent,text,Global,
,fin-PCCursor.VoiceName,text,Reed,
,fin-PCCursor.SynthLangString,text,Finnish,
,enu-Voice Aliases.PCCursorVoice,text | percentage | precentage,Reed|0|0,Section for Voice Aliases note use * to keep same voice but just change pitch or rate
,enu-Voice Aliases.MessageVoice,text | percentage | precentage,Glen|0|0,
,enu-Voice Aliases.HeaderVoice,text | percentage | precentage,Reed|-20%|0,
,enu-Voice Aliases.JAWSCursorVoice,text | percentage | precentage,Reed|-10%|0,
,enu-Voice Aliases.NormalVoice,text | percentage | precentage,*|0|0,
,enu-Voice Aliases.BoldVoice,text,Rocko,
,enu-Voice Aliases.UnderlineVoice,text,Shelly,
,enu-Voice Aliases.ItalicVoice,text,Grandpa,
,enu-Voice Aliases.StrikeoutVoice,text,Sandy,
,enu-Voice Aliases.DoubleStrikeoutVoice,text | percentage | precentage,Sandy|0|10%,
,enu-Voice Aliases.GraphicVoice,text,Grandma,
,enu-Voice Aliases.HighlightVoice,text,Bobby,
,enu-Voice Aliases.HugeTextVoice,text | percentage | precentage,*|-20%|0,
,enu-Voice Aliases.LargeTextVoice,text | percentage | precentage,*|-10%|0,
,enu-Voice Aliases.SmallTextVoice,text | percentage | precentage,*|10%|0,
,enu-Voice Aliases.TinyTextVoice,text | percentage | precentage,*|20%|0,
,enu-Voice Aliases.SuperscriptVoice,text | percentage | precentage,*|40%|0,
,enu-Voice Aliases.SubscriptVoice,text | percentage | precentage,*|-40%|0,
,enu-Voice Aliases.ShadowVoice,text | percentage | precentage,*|0|0,
,enu-Voice Aliases.EmbossVoice,text | percentage | precentage,*|0|0,
,enu-Voice Aliases.EngraveVoice,text | percentage | precentage,*|0|0,
,enu-Voice Aliases.OutlineVoice,text | percentage | precentage,*|0|0,
,enu-Voice Aliases.HeadingLevel1Voice,text | percentage | precentage,Rocko|5%|0,
,enu-Voice Aliases.HeadingLevel2Voice,text | percentage | precentage,Rocko|10%|0,
,enu-Voice Aliases.HeadingLevel3Voice,text | percentage | precentage,Rocko|15%|0,
,enu-Voice Aliases.HeadingLevel4Voice,text | percentage | precentage,Rocko|20%|0,
,enu-Voice Aliases.HeadingLevel5Voice,text | percentage | precentage,Rocko|25%|0,
,enu-Voice Aliases.HeadingLevel6Voice,text | percentage | precentage,Rocko|30%|0,
,enu-Voice Aliases.LinkVoice,text,Shelly,
,enu-Voice Aliases.SpellingVoice,text | percentage | precentage,*|0|-20%,
,enu-Voice Aliases.QuotationVoice,text | percentage | precentage,Glen|10%|0,
,enu-Voice Aliases.SingleCapVoice,text | percentage | precentage,*|20%|0,
,enu-Voice Aliases.AllCapsVoice,text | percentage | precentage,*|20%|0,
,enu-Voice Aliases.SmallCapsVoice,text | percentage | precentage,*|20%|0,
,enu-Voice Aliases.OCRVoice,text | percentage | precentage,Rocko|-5%|-5%,
,eng-Voice Aliases.PCCursorVoice,text | percentage | precentage,Reed|0|0,note use * to keep same voice but just change pitch or rate
,eng-Voice Aliases.MessageVoice,text | percentage | precentage,Glen|0|0,
,eng-Voice Aliases.HeaderVoice,text | percentage | precentage,Reed|-20%|0,
,eng-Voice Aliases.JAWSCursorVoice,text | percentage | precentage,Reed|-10%|0,
,eng-Voice Aliases.NormalVoice,text | percentage | precentage,*|0|0,
,eng-Voice Aliases.BoldVoice,text,Rocko,
,eng-Voice Aliases.UnderlineVoice,text,Shelly,
,eng-Voice Aliases.ItalicVoice,text,Grandpa,
,eng-Voice Aliases.StrikeoutVoice,text,Sandy,
,eng-Voice Aliases.DoubleStrikeoutVoice,text | percentage | precentage,Sandy|0|10%,
,eng-Voice Aliases.GraphicVoice,text,Grandma,
,eng-Voice Aliases.HighlightVoice,text,Bobby,
,eng-Voice Aliases.HugeTextVoice,text | percentage | precentage,*|-20%|0,
,eng-Voice Aliases.LargeTextVoice,text | percentage | precentage,*|-10%|0,
,eng-Voice Aliases.SmallTextVoice,text | percentage | precentage,*|10%|0,
,eng-Voice Aliases.TinyTextVoice,text | percentage | precentage,*|20%|0,
,eng-Voice Aliases.SuperscriptVoice,text | percentage | precentage,*|40%|0,
,eng-Voice Aliases.SubscriptVoice,text | percentage | precentage,*|-40%|0,
,eng-Voice Aliases.ShadowVoice,text | percentage | precentage,*|0|0,
,eng-Voice Aliases.EmbossVoice,text | percentage | precentage,*|0|0,
,eng-Voice Aliases.EngraveVoice,text | percentage | precentage,*|0|0,
,eng-Voice Aliases.OutlineVoice,text | percentage | precentage,*|0|0,
,eng-Voice Aliases.HeadingLevel1Voice,text | percentage | precentage,Rocko|5%|0,
,eng-Voice Aliases.HeadingLevel2Voice,text | percentage | precentage,Rocko|10%|0,
,eng-Voice Aliases.HeadingLevel3Voice,text | percentage | precentage,Rocko|15%|0,
,eng-Voice Aliases.HeadingLevel4Voice,text | percentage | precentage,Rocko|20%|0,
,eng-Voice Aliases.HeadingLevel5Voice,text | percentage | precentage,Rocko|25%|0,
,eng-Voice Aliases.HeadingLevel6Voice,text | percentage | precentage,Rocko|30%|0,
,eng-Voice Aliases.LinkVoice,text,Shelly,
,eng-Voice Aliases.SpellingVoice,text | percentage | precentage,*|0|-20%,
,eng-Voice Aliases.QuotationVoice,text | percentage | precentage,Glen|10%|0,
,eng-Voice Aliases.SingleCapVoice,text | percentage | precentage,*|20%|0,
,eng-Voice Aliases.AllCapsVoice,text | percentage | precentage,*|20%|0,
,eng-Voice Aliases.SmallCapsVoice,text | percentage | precentage,*|20%|0,
,eng-Voice Aliases.OCRVoice,text | percentage | precentage,Rocko|-5%|-5%,
,fra-Voice Aliases.PCCursorVoice,text | percentage | precentage,Reed|0|0,note use * to keep same voice but just change pitch or rate
,fra-Voice Aliases.MessageVoice,text | percentage | precentage,Glen|0|0,
,fra-Voice Aliases.HeaderVoice,text | percentage | precentage,Reed|-20%|0,
,fra-Voice Aliases.JAWSCursorVoice,text | percentage | precentage,Reed|-10%|0,
,fra-Voice Aliases.NormalVoice,text | percentage | precentage,*|0|0,
,fra-Voice Aliases.BoldVoice,text,Rocko,
,fra-Voice Aliases.UnderlineVoice,text,Shelly,
,fra-Voice Aliases.ItalicVoice,text,Grandpa,
,fra-Voice Aliases.StrikeoutVoice,text,Sandy,
,fra-Voice Aliases.DoubleStrikeoutVoice,text | percentage | precentage,Sandy|0|10%,
,fra-Voice Aliases.GraphicVoice,text,Grandma,
,fra-Voice Aliases.HighlightVoice,text,Bobby,
,fra-Voice Aliases.HugeTextVoice,text | percentage | precentage,*|-20%|0,
,fra-Voice Aliases.LargeTextVoice,text | percentage | precentage,*|-10%|0,
,fra-Voice Aliases.SmallTextVoice,text | percentage | precentage,*|10%|0,
,fra-Voice Aliases.TinyTextVoice,text | percentage | precentage,*|20%|0,
,fra-Voice Aliases.SuperscriptVoice,text | percentage | precentage,*|40%|0,
,fra-Voice Aliases.SubscriptVoice,text | percentage | precentage,*|-40%|0,
,fra-Voice Aliases.ShadowVoice,text | percentage | precentage,*|0|0,
,fra-Voice Aliases.EmbossVoice,text | percentage | precentage,*|0|0,
,fra-Voice Aliases.EngraveVoice,text | percentage | precentage,*|0|0,
,fra-Voice Aliases.OutlineVoice,text | percentage | precentage,*|0|0,
,fra-Voice Aliases.HeadingLevel1Voice,text | percentage | precentage,Rocko|5%|0,
,fra-Voice Aliases.HeadingLevel2Voice,text | percentage | precentage,Rocko|10%|0,
,fra-Voice Aliases.HeadingLevel3Voice,text | percentage | precentage,Rocko|15%|0,
,fra-Voice Aliases.HeadingLevel4Voice,text | percentage | precentage,Rocko|20%|0,
,fra-Voice Aliases.HeadingLevel5Voice,text | percentage | precentage,Rocko|25%|0,
,fra-Voice Aliases.HeadingLevel6Voice,text | percentage | precentage,Rocko|30%|0,
,fra-Voice Aliases.LinkVoice,text,Shelly,
,fra-Voice Aliases.SpellingVoice,text | percentage | precentage,*|0|-20%,
,fra-Voice Aliases.QuotationVoice,text | percentage | precentage,Glen|10%|0,
,fra-Voice Aliases.SingleCapVoice,text | percentage | precentage,*|20%|0,
,fra-Voice Aliases.AllCapsVoice,text | percentage | precentage,*|20%|0,
,fra-Voice Aliases.SmallCapsVoice,text | percentage | precentage,*|20%|0,
,fra-Voice Aliases.OCRVoice,text | percentage | precentage,Rocko|-5%|-5%,
,frc-Voice Aliases.PCCursorVoice,text | percentage | precentage,Reed|0|0,note use * to keep same voice but just change pitch or rate
,frc-Voice Aliases.MessageVoice,text | percentage | precentage,Glen|0|0,
,frc-Voice Aliases.HeaderVoice,text | percentage | precentage,Reed|-20%|0,
,frc-Voice Aliases.JAWSCursorVoice,text | percentage | precentage,Reed|-10%|0,
,frc-Voice Aliases.NormalVoice,text | percentage | precentage,*|0|0,
,frc-Voice Aliases.BoldVoice,text,Rocko,
,frc-Voice Aliases.UnderlineVoice,text,Shelly,
,frc-Voice Aliases.ItalicVoice,text,Grandpa,
,frc-Voice Aliases.StrikeoutVoice,text,Sandy,
,frc-Voice Aliases.DoubleStrikeoutVoice,text | percentage | precentage,Sandy|0|10%,
,frc-Voice Aliases.GraphicVoice,text,Grandma,
,frc-Voice Aliases.HighlightVoice,text,Bobby,
,frc-Voice Aliases.HugeTextVoice,text | percentage | precentage,*|-20%|0,
,frc-Voice Aliases.LargeTextVoice,text | percentage | precentage,*|-10%|0,
,frc-Voice Aliases.SmallTextVoice,text | percentage | precentage,*|10%|0,
,frc-Voice Aliases.TinyTextVoice,text | percentage | precentage,*|20%|0,
,frc-Voice Aliases.SuperscriptVoice,text | percentage | precentage,*|40%|0,
,frc-Voice Aliases.SubscriptVoice,text | percentage | precentage,*|-40%|0,
,frc-Voice Aliases.ShadowVoice,text | percentage | precentage,*|0|0,
,frc-Voice Aliases.EmbossVoice,text | percentage | precentage,*|0|0,
,frc-Voice Aliases.EngraveVoice,text | percentage | precentage,*|0|0,
,frc-Voice Aliases.OutlineVoice,text | percentage | precentage,*|0|0,
,frc-Voice Aliases.HeadingLevel1Voice,text | percentage | precentage,Rocko|5%|0,
,frc-Voice Aliases.HeadingLevel2Voice,text | percentage | precentage,Rocko|10%|0,
,frc-Voice Aliases.HeadingLevel3Voice,text | percentage | precentage,Rocko|15%|0,
,frc-Voice Aliases.HeadingLevel4Voice,text | percentage | precentage,Rocko|20%|0,
,frc-Voice Aliases.HeadingLevel5Voice,text | percentage | precentage,Rocko|25%|0,
,frc-Voice Aliases.HeadingLevel6Voice,text | percentage | precentage,Rocko|30%|0,
,frc-Voice Aliases.LinkVoice,text,Shelly,
,frc-Voice Aliases.SpellingVoice,text | percentage | precentage,*|0|-20%,
,frc-Voice Aliases.QuotationVoice,text | percentage | precentage,Glen|10%|0,
,frc-Voice Aliases.SingleCapVoice,text | percentage | precentage,*|20%|0,
,frc-Voice Aliases.AllCapsVoice,text | percentage | precentage,*|20%|0,
,frc-Voice Aliases.SmallCapsVoice,text | percentage | precentage,*|20%|0,
,frc-Voice Aliases.OCRVoice,text | percentage | precentage,Rocko|-5%|-5%,
,ita-Voice Aliases.PCCursorVoice,text | percentage | precentage,Reed|0|0,note use * to keep same voice but just change pitch or rate
,ita-Voice Aliases.MessageVoice,text | percentage | precentage,Glen|0|0,
,ita-Voice Aliases.HeaderVoice,text | percentage | precentage,Reed|-20%|0,
,ita-Voice Aliases.JAWSCursorVoice,text | percentage | precentage,Reed|-10%|0,
,ita-Voice Aliases.NormalVoice,text | percentage | precentage,*|0|0,
,ita-Voice Aliases.BoldVoice,text,Rocko,
,ita-Voice Aliases.UnderlineVoice,text,Shelly,
,ita-Voice Aliases.ItalicVoice,text,Grandpa,
,ita-Voice Aliases.StrikeoutVoice,text,Sandy,
,ita-Voice Aliases.DoubleStrikeoutVoice,text | percentage | precentage,Sandy|0|10%,
,ita-Voice Aliases.GraphicVoice,text,Grandma,
,ita-Voice Aliases.HighlightVoice,text,Bobby,
,ita-Voice Aliases.HugeTextVoice,text | percentage | precentage,*|-20%|0,
,ita-Voice Aliases.LargeTextVoice,text | percentage | precentage,*|-10%|0,
,ita-Voice Aliases.SmallTextVoice,text | percentage | precentage,*|10%|0,
,ita-Voice Aliases.TinyTextVoice,text | percentage | precentage,*|20%|0,
,ita-Voice Aliases.SuperscriptVoice,text | percentage | precentage,*|40%|0,
,ita-Voice Aliases.SubscriptVoice,text | percentage | precentage,*|-40%|0,
,ita-Voice Aliases.ShadowVoice,text | percentage | precentage,*|0|0,
,ita-Voice Aliases.EmbossVoice,text | percentage | precentage,*|0|0,
,ita-Voice Aliases.EngraveVoice,text | percentage | precentage,*|0|0,
,ita-Voice Aliases.OutlineVoice,text | percentage | precentage,*|0|0,
,ita-Voice Aliases.HeadingLevel1Voice,text | percentage | precentage,Rocko|5%|0,
,ita-Voice Aliases.HeadingLevel2Voice,text | percentage | precentage,Rocko|10%|0,
,ita-Voice Aliases.HeadingLevel3Voice,text | percentage | precentage,Rocko|15%|0,
,ita-Voice Aliases.HeadingLevel4Voice,text | percentage | precentage,Rocko|20%|0,
,ita-Voice Aliases.HeadingLevel5Voice,text | percentage | precentage,Rocko|25%|0,
,ita-Voice Aliases.HeadingLevel6Voice,text | percentage | precentage,Rocko|30%|0,
,ita-Voice Aliases.LinkVoice,text,Shelly,
,ita-Voice Aliases.SpellingVoice,text | percentage | precentage,*|0|-20%,
,ita-Voice Aliases.QuotationVoice,text | percentage | precentage,Glen|10%|0,
,ita-Voice Aliases.SingleCapVoice,text | percentage | precentage,*|20%|0,
,ita-Voice Aliases.AllCapsVoice,text | percentage | precentage,*|20%|0,
,ita-Voice Aliases.SmallCapsVoice,text | percentage | precentage,*|20%|0,
,ita-Voice Aliases.OCRVoice,text | percentage | precentage,Rocko|-5%|-5%,
,deu-Voice Aliases.PCCursorVoice,text | percentage | precentage,Reed|0|0,note use * to keep same voice but just change pitch or rate
,deu-Voice Aliases.MessageVoice,text | percentage | precentage,Glen|0|0,
,deu-Voice Aliases.HeaderVoice,text | percentage | precentage,Reed|-20%|0,
,deu-Voice Aliases.JAWSCursorVoice,text | percentage | precentage,Reed|-10%|0,
,deu-Voice Aliases.NormalVoice,text | percentage | precentage,*|0|0,
,deu-Voice Aliases.BoldVoice,text,Rocko,
,deu-Voice Aliases.UnderlineVoice,text,Shelly,
,deu-Voice Aliases.ItalicVoice,text,Grandpa,
,deu-Voice Aliases.StrikeoutVoice,text,Sandy,
,deu-Voice Aliases.DoubleStrikeoutVoice,text | percentage | precentage,Sandy|0|10%,
,deu-Voice Aliases.GraphicVoice,text,Grandma,
,deu-Voice Aliases.HighlightVoice,text,Bobby,
,deu-Voice Aliases.HugeTextVoice,text | percentage | precentage,*|-20%|0,
,deu-Voice Aliases.LargeTextVoice,text | percentage | precentage,*|-10%|0,
,deu-Voice Aliases.SmallTextVoice,text | percentage | precentage,*|10%|0,
,deu-Voice Aliases.TinyTextVoice,text | percentage | precentage,*|20%|0,
,deu-Voice Aliases.SuperscriptVoice,text | percentage | precentage,*|40%|0,
,deu-Voice Aliases.SubscriptVoice,text | percentage | precentage,*|-40%|0,
,deu-Voice Aliases.ShadowVoice,text | percentage | precentage,*|0|0,
,deu-Voice Aliases.EmbossVoice,text | percentage | precentage,*|0|0,
,deu-Voice Aliases.EngraveVoice,text | percentage | precentage,*|0|0,
,deu-Voice Aliases.OutlineVoice,text | percentage | precentage,*|0|0,
,deu-Voice Aliases.HeadingLevel1Voice,text | percentage | precentage,Rocko|5%|0,
,deu-Voice Aliases.HeadingLevel2Voice,text | percentage | precentage,Rocko|10%|0,
,deu-Voice Aliases.HeadingLevel3Voice,text | percentage | precentage,Rocko|15%|0,
,deu-Voice Aliases.HeadingLevel4Voice,text | percentage | precentage,Rocko|20%|0,
,deu-Voice Aliases.HeadingLevel5Voice,text | percentage | precentage,Rocko|25%|0,
,deu-Voice Aliases.HeadingLevel6Voice,text | percentage | precentage,Rocko|30%|0,
,deu-Voice Aliases.LinkVoice,text,Shelly,
,deu-Voice Aliases.SpellingVoice,text | percentage | precentage,*|0|-20%,
,deu-Voice Aliases.QuotationVoice,text | percentage | precentage,Glen|10%|0,
,deu-Voice Aliases.SingleCapVoice,text | percentage | precentage,*|20%|0,
,deu-Voice Aliases.AllCapsVoice,text | percentage | precentage,*|20%|0,
,deu-Voice Aliases.SmallCapsVoice,text | percentage | precentage,*|20%|0,
,deu-Voice Aliases.OCRVoice,text | percentage | precentage,Rocko|-5%|-5%,
,esm-Voice Aliases.PCCursorVoice,text | percentage | precentage,Reed|0|0,note use * to keep same voice but just change pitch or rate
,esm-Voice Aliases.MessageVoice,text | percentage | precentage,Glen|0|0,
,esm-Voice Aliases.HeaderVoice,text | percentage | precentage,Reed|-20%|0,
,esm-Voice Aliases.JAWSCursorVoice,text | percentage | precentage,Reed|-10%|0,
,esm-Voice Aliases.NormalVoice,text | percentage | precentage,*|0|0,
,esm-Voice Aliases.BoldVoice,text,Rocko,
,esm-Voice Aliases.UnderlineVoice,text,Shelly,
,esm-Voice Aliases.ItalicVoice,text,Grandpa,
,esm-Voice Aliases.StrikeoutVoice,text,Sandy,
,esm-Voice Aliases.DoubleStrikeoutVoice,text | percentage | precentage,Sandy|0|10%,
,esm-Voice Aliases.GraphicVoice,text,Grandma,
,esm-Voice Aliases.HighlightVoice,text,Bobby,
,esm-Voice Aliases.HugeTextVoice,text | percentage | precentage,*|-20%|0,
,esm-Voice Aliases.LargeTextVoice,text | percentage | precentage,*|-10%|0,
,esm-Voice Aliases.SmallTextVoice,text | percentage | precentage,*|10%|0,
,esm-Voice Aliases.TinyTextVoice,text | percentage | precentage,*|20%|0,
,esm-Voice Aliases.SuperscriptVoice,text | percentage | precentage,*|40%|0,
,esm-Voice Aliases.SubscriptVoice,text | percentage | precentage,*|-40%|0,
,esm-Voice Aliases.ShadowVoice,text | percentage | precentage,*|0|0,
,esm-Voice Aliases.EmbossVoice,text | percentage | precentage,*|0|0,
,esm-Voice Aliases.EngraveVoice,text | percentage | precentage,*|0|0,
,esm-Voice Aliases.OutlineVoice,text | percentage | precentage,*|0|0,
,esm-Voice Aliases.HeadingLevel1Voice,text | percentage | precentage,Rocko|5%|0,
,esm-Voice Aliases.HeadingLevel2Voice,text | percentage | precentage,Rocko|10%|0,
,esm-Voice Aliases.HeadingLevel3Voice,text | percentage | precentage,Rocko|15%|0,
,esm-Voice Aliases.HeadingLevel4Voice,text | percentage | precentage,Rocko|20%|0,
,esm-Voice Aliases.HeadingLevel5Voice,text | percentage | precentage,Rocko|25%|0,
,esm-Voice Aliases.HeadingLevel6Voice,text | percentage | precentage,Rocko|30%|0,
,esm-Voice Aliases.LinkVoice,text,Shelly,
,esm-Voice Aliases.SpellingVoice,text | percentage | precentage,*|0|-20%,
,esm-Voice Aliases.QuotationVoice,text | percentage | precentage,Glen|10%|0,
,esm-Voice Aliases.SingleCapVoice,text | percentage | precentage,*|20%|0,
,esm-Voice Aliases.AllCapsVoice,text | percentage | precentage,*|20%|0,
,esm-Voice Aliases.SmallCapsVoice,text | percentage | precentage,*|20%|0,
,esm-Voice Aliases.OCRVoice,text | percentage | precentage,Rocko|-5%|-5%,
,esn-Voice Aliases.PCCursorVoice,text | percentage | precentage,Reed|0|0,note use * to keep same voice but just change pitch or rate
,esn-Voice Aliases.MessageVoice,text | percentage | precentage,Glen|0|0,
,esn-Voice Aliases.HeaderVoice,text | percentage | precentage,Reed|-20%|0,
,esn-Voice Aliases.JAWSCursorVoice,text | percentage | precentage,Reed|-10%|0,
,esn-Voice Aliases.NormalVoice,text | percentage | precentage,*|0|0,
,esn-Voice Aliases.BoldVoice,text,Rocko,
,esn-Voice Aliases.UnderlineVoice,text,Shelly,
,esn-Voice Aliases.ItalicVoice,text,Grandpa,
,esn-Voice Aliases.StrikeoutVoice,text,Sandy,
,esn-Voice Aliases.DoubleStrikeoutVoice,text | percentage | precentage,Sandy|0|10%,
,esn-Voice Aliases.GraphicVoice,text,Grandma,
,esn-Voice Aliases.HighlightVoice,text,Bobby,
,esn-Voice Aliases.HugeTextVoice,text | percentage | precentage,*|-20%|0,
,esn-Voice Aliases.LargeTextVoice,text | percentage | precentage,*|-10%|0,
,esn-Voice Aliases.SmallTextVoice,text | percentage | precentage,*|10%|0,
,esn-Voice Aliases.TinyTextVoice,text | percentage | precentage,*|20%|0,
,esn-Voice Aliases.SuperscriptVoice,text | percentage | precentage,*|40%|0,
,esn-Voice Aliases.SubscriptVoice,text | percentage | precentage,*|-40%|0,
,esn-Voice Aliases.ShadowVoice,text | percentage | precentage,*|0|0,
,esn-Voice Aliases.EmbossVoice,text | percentage | precentage,*|0|0,
,esn-Voice Aliases.EngraveVoice,text | percentage | precentage,*|0|0,
,esn-Voice Aliases.OutlineVoice,text | percentage | precentage,*|0|0,
,esn-Voice Aliases.HeadingLevel1Voice,text | percentage | precentage,Rocko|5%|0,
,esn-Voice Aliases.HeadingLevel2Voice,text | percentage | precentage,Rocko|10%|0,
,esn-Voice Aliases.HeadingLevel3Voice,text | percentage | precentage,Rocko|15%|0,
,esn-Voice Aliases.HeadingLevel4Voice,text | percentage | precentage,Rocko|20%|0,
,esn-Voice Aliases.HeadingLevel5Voice,text | percentage | precentage,Rocko|25%|0,
,esn-Voice Aliases.HeadingLevel6Voice,text | percentage | precentage,Rocko|30%|0,
,esn-Voice Aliases.LinkVoice,text,Shelly,
,esn-Voice Aliases.SpellingVoice,text | percentage | precentage,*|0|-20%,
,esn-Voice Aliases.QuotationVoice,text | percentage | precentage,Glen|10%|0,
,esn-Voice Aliases.SingleCapVoice,text | percentage | precentage,*|20%|0,
,esn-Voice Aliases.AllCapsVoice,text | percentage | precentage,*|20%|0,
,esn-Voice Aliases.SmallCapsVoice,text | percentage | precentage,*|20%|0,
,esn-Voice Aliases.OCRVoice,text | percentage | precentage,Rocko|-5%|-5%,
,ptb-Voice Aliases.PCCursorVoice,text | percentage | precentage,Reed|0|0,note use * to keep same voice but just change pitch or rate
,ptb-Voice Aliases.MessageVoice,text | percentage | precentage,Glen|0|0,
,ptb-Voice Aliases.HeaderVoice,text | percentage | precentage,Reed|-20%|0,
,ptb-Voice Aliases.JAWSCursorVoice,text | percentage | precentage,Reed|-10%|0,
,ptb-Voice Aliases.NormalVoice,text | percentage | precentage,*|0|0,
,ptb-Voice Aliases.BoldVoice,text,Rocko,
,ptb-Voice Aliases.UnderlineVoice,text,Shelly,
,ptb-Voice Aliases.ItalicVoice,text,Grandpa,
,ptb-Voice Aliases.StrikeoutVoice,text,Sandy,
,ptb-Voice Aliases.DoubleStrikeoutVoice,text | percentage | precentage,Sandy|0|10%,
,ptb-Voice Aliases.GraphicVoice,text,Grandma,
,ptb-Voice Aliases.HighlightVoice,text,Bobby,
,ptb-Voice Aliases.HugeTextVoice,text | percentage | precentage,*|-20%|0,
,ptb-Voice Aliases.LargeTextVoice,text | percentage | precentage,*|-10%|0,
,ptb-Voice Aliases.SmallTextVoice,text | percentage | precentage,*|10%|0,
,ptb-Voice Aliases.TinyTextVoice,text | percentage | precentage,*|20%|0,
,ptb-Voice Aliases.SuperscriptVoice,text | percentage | precentage,*|40%|0,
,ptb-Voice Aliases.SubscriptVoice,text | percentage | precentage,*|-40%|0,
,ptb-Voice Aliases.ShadowVoice,text | percentage | precentage,*|0|0,
,ptb-Voice Aliases.EmbossVoice,text | percentage | precentage,*|0|0,
,ptb-Voice Aliases.EngraveVoice,text | percentage | precentage,*|0|0,
,ptb-Voice Aliases.OutlineVoice,text | percentage | precentage,*|0|0,
,ptb-Voice Aliases.HeadingLevel1Voice,text | percentage | precentage,Rocko|5%|0,
,ptb-Voice Aliases.HeadingLevel2Voice,text | percentage | precentage,Rocko|10%|0,
,ptb-Voice Aliases.HeadingLevel3Voice,text | percentage | precentage,Rocko|15%|0,
,ptb-Voice Aliases.HeadingLevel4Voice,text | percentage | precentage,Rocko|20%|0,
,ptb-Voice Aliases.HeadingLevel5Voice,text | percentage | precentage,Rocko|25%|0,
,ptb-Voice Aliases.HeadingLevel6Voice,text | percentage | precentage,Rocko|30%|0,
,ptb-Voice Aliases.LinkVoice,text,Shelly,
,ptb-Voice Aliases.SpellingVoice,text | percentage | precentage,*|0|-20%,
,ptb-Voice Aliases.QuotationVoice,text | percentage | precentage,Glen|10%|0,
,ptb-Voice Aliases.SingleCapVoice,text | percentage | precentage,*|20%|0,
,ptb-Voice Aliases.AllCapsVoice,text | percentage | precentage,*|20%|0,
,ptb-Voice Aliases.SmallCapsVoice,text | percentage | precentage,*|20%|0,
,ptb-Voice Aliases.OCRVoice,text | percentage | precentage,Rocko|-5%|-5%,
,fin-Voice Aliases.PCCursorVoice,text | percentage | precentage,Reed|0|0,note use * to keep same voice but just change pitch or rate
,fin-Voice Aliases.MessageVoice,text | percentage | precentage,Glen|0|0,
,fin-Voice Aliases.HeaderVoice,text | percentage | precentage,Reed|-20%|0,
,fin-Voice Aliases.JAWSCursorVoice,text | percentage | precentage,Reed|-10%|0,
,fin-Voice Aliases.NormalVoice,text | percentage | precentage,*|0|0,
,fin-Voice Aliases.BoldVoice,text,Rocko,
,fin-Voice Aliases.UnderlineVoice,text,Shelly,
,fin-Voice Aliases.ItalicVoice,text,Grandpa,
,fin-Voice Aliases.StrikeoutVoice,text,Sandy,
,fin-Voice Aliases.DoubleStrikeoutVoice,text | percentage | precentage,Sandy|0|10%,
,fin-Voice Aliases.GraphicVoice,text,Grandma,
,fin-Voice Aliases.HighlightVoice,text,Bobby,
,fin-Voice Aliases.HugeTextVoice,text | percentage | precentage,*|-20%|0,
,fin-Voice Aliases.LargeTextVoice,text | percentage | precentage,*|-10%|0,
,fin-Voice Aliases.SmallTextVoice,text | percentage | precentage,*|10%|0,
,fin-Voice Aliases.TinyTextVoice,text | percentage | precentage,*|20%|0,
,fin-Voice Aliases.SuperscriptVoice,text | percentage | precentage,*|40%|0,
,fin-Voice Aliases.SubscriptVoice,text | percentage | precentage,*|-40%|0,
,fin-Voice Aliases.ShadowVoice,text | percentage | precentage,*|0|0,
,fin-Voice Aliases.EmbossVoice,text | percentage | precentage,*|0|0,
,fin-Voice Aliases.EngraveVoice,text | percentage | precentage,*|0|0,
,fin-Voice Aliases.OutlineVoice,text | percentage | precentage,*|0|0,
,fin-Voice Aliases.HeadingLevel1Voice,text | percentage | precentage,Rocko|5%|0,
,fin-Voice Aliases.HeadingLevel2Voice,text | percentage | precentage,Rocko|10%|0,
,fin-Voice Aliases.HeadingLevel3Voice,text | percentage | precentage,Rocko|15%|0,
,fin-Voice Aliases.HeadingLevel4Voice,text | percentage | precentage,Rocko|20%|0,
,fin-Voice Aliases.HeadingLevel5Voice,text | percentage | precentage,Rocko|25%|0,
,fin-Voice Aliases.HeadingLevel6Voice,text | percentage | precentage,Rocko|30%|0,
,fin-Voice Aliases.LinkVoice,text,Shelly,
,fin-Voice Aliases.SpellingVoice,text | percentage | precentage,*|0|-20%,
,fin-Voice Aliases.QuotationVoice,text | percentage | precentage,Glen|10%|0,
,fin-Voice Aliases.SingleCapVoice,text | percentage | precentage,*|20%|0,
,fin-Voice Aliases.AllCapsVoice,text | percentage | precentage,*|20%|0,
,fin-Voice Aliases.SmallCapsVoice,text | percentage | precentage,*|20%|0,
,fin-Voice Aliases.OCRVoice,text | percentage | precentage,Rocko|-5%|-5%,
,"Language Aliases.en,enu,en-us,us-en,en-au,en-nz,en-ie,en-ca",text;text;...,American English;English,"language aliases note in order to support language detection on the internet we need ISO 639/3066 language codes as well as Microsoft and other variants of these syntax: alias,...=language string1|voice1;languageString2|voice2;...;languageStringN|voiceN note both language string and voice are optional however the | must be included even if no language string is present"
,"Language Aliases.eng,en-gb,en-uk",text;text;...,British English;English,
,"Language Aliases.es,esl,esn,esp,spa",text;text;...,Castilian Spanish;Spanish,
,"Language Aliases.esm,esu",text;text;...,Latin American Spanish;Spanish,
,"Language Aliases.est,es-us",text;text;...,Latin American Spanish;Spanish,
,"Language Aliases.fr,fra,fre",text;text;...,French,
,"Language Aliases.frc,fr-ca",text;text;...,French Canadian,
,"Language Aliases.de,deu,ger",text;text;...,German,
,"Language Aliases.it,ita",text;text;...,Italian,
,"Language Aliases.pt,ptb,pt-br,por",text;text;...,Brazilian Portuguese,
,"Language Aliases.fi,fin",text;text;...,Finnish,
,Synth Lang String to LCID.American English,Hex,0x0409,"When a Synthesizer does not return a full language name which can be mapped to a unique LCID, use a section of the below format to map the synth specific language string to the appropriate LCID. Format is synth specific language name=LCID."
,Synth Lang String to LCID.British English,Hex,0x0809,
,Synth Lang String to LCID.French,Hex,0x040C,
,Synth Lang String to LCID.French Canadian,Hex,0x0C0C,
,Synth Lang String to LCID.German,Hex,0x0407,
,Synth Lang String to LCID.Italian,Hex,0x0410,
,Synth Lang String to LCID.Castilian Spanish,Hex,0x0C0A,
,Synth Lang String to LCID.Latin American Spanish,Hex,0x080A,
,Synth Lang String to LCID.Brazilian Portuguese,Hex,0x0416,
,Synth Lang String to LCID.Finnish,Hex,0x040B,
,ita-UI Voice Alias translation.PCCursorVoice,text,VoceCursorePC,Note: Use this section to localize Voice Alias names. The key (left side) is the internal name. The value (right side) is the display name.
,ita-UI Voice Alias translation.MessageVoice,text,VoceMessaggi,
,ita-UI Voice Alias translation.HeaderVoice,text,VocePerIntestazioni,
,ita-UI Voice Alias translation.JAWSCursorVoice,text,VoceCursoreJaws,
,ita-UI Voice Alias translation.NormalVoice,text,VoceNormale,
,ita-UI Voice Alias translation.BoldVoice,text,VocePerGrassetto,
,ita-UI Voice Alias translation.UnderlineVoice,text,VocePerSottolineato,
,ita-UI Voice Alias translation.ItalicVoice,text,VocePerCorsivo,
,ita-UI Voice Alias translation.StrikeoutVoice,text,VocePerBarrato,
,ita-UI Voice Alias translation.DoubleStrikeoutVoice,text,VocePerDoppioBarrato,
,ita-UI Voice Alias translation.GraphicVoice,text,VocePerGrafici,
,ita-UI Voice Alias translation.HighlightVoice,text,VocePerEvidenziato,
,ita-UI Voice Alias translation.HugeTextVoice,text,VocePerTestiCorposi,
,ita-UI Voice Alias translation.LargeTextVoice,text,VocePerTestiGRandi,
,ita-UI Voice Alias translation.SmallTextVoice,text,VocePerBreviTesti,
,ita-UI Voice Alias translation.TinyTextVoice,text,VocePerTestiBrevissimi,
,ita-UI Voice Alias translation.SuperscriptVoice,text,VocePerApici,
,ita-UI Voice Alias translation.SubscriptVoice,text,VocePerPedici,
,ita-UI Voice Alias translation.ShadowVoice,text,VocePerOmbreggiatura,
,ita-UI Voice Alias translation.EmbossVoice,text,VocePerInRilievo,
,ita-UI Voice Alias translation.EngraveVoice,text,VocePerIncassato,
,ita-UI Voice Alias translation.OutlineVoice,text,VocePerContorno,
,ita-UI Voice Alias translation.HeadingLevel1Voice,text,VocePerLivelloIntestazione1,
,ita-UI Voice Alias translation.HeadingLevel2Voice,text,VocePerLivelloIntestazione2,
,ita-UI Voice Alias translation.HeadingLevel3Voice,text,VocePerLivelloIntestazione3,
,ita-UI Voice Alias translation.HeadingLevel4Voice,text,VocePerLivelloIntestazione4,
,ita-UI Voice Alias translation.HeadingLevel5Voice,text,VocePerLivelloIntestazione5,
,ita-UI Voice Alias translation.HeadingLevel6Voice,text,VocePerLivelloIntestazione6,
,ita-UI Voice Alias translation.LinkVoice,text,VocePerLink,
,ita-UI Voice Alias translation.SpellingVoice,text,VocePerSpelling,
,ita-UI Voice Alias translation.QuotationVoice,text,VocePerVirgolettati,
,ita-UI Voice Alias translation.SingleCapVoice,text,VocePerSingolaMaiuscola,
,ita-UI Voice Alias translation.AllCapsVoice,text,VocePerTutteMaiuscole,
,ita-UI Voice Alias translation.SmallCapsVoice,text,VocePerMaiuscoletto,
,ita-UI Voice Alias translation.KeyboardVoice,text,VocePerTastiera,
,ita-UI Voice Alias translation.MenuAndDialogVoice,text,VocePerMenuFinestreDiDialogo,
,ita-UI Voice Alias translation.GlobalVoice,text,VoceInGenerale,
,ita-UI Voice Alias translation.OCRVoice,text,Voce OCR,
,enu-UI Voice Alias translation.PCCursorVoice,text,PCCursorVoice,Note: Use this section to localize Voice Alias names. The key (left side) is the internal name. The value (right side) is the display name.
,enu-UI Voice Alias translation.MessageVoice,text,MessageVoice,
,enu-UI Voice Alias translation.HeaderVoice,text,HeaderVoice,
,enu-UI Voice Alias translation.JAWSCursorVoice,text,JAWSCursorVoice,
,enu-UI Voice Alias translation.NormalVoice,text,NormalVoice,
,enu-UI Voice Alias translation.BoldVoice,text,BoldVoice,
,enu-UI Voice Alias translation.UnderlineVoice,text,UnderlineVoice,
,enu-UI Voice Alias translation.ItalicVoice,text,ItalicVoice,
,enu-UI Voice Alias translation.StrikeoutVoice,text,StrikeoutVoice,
,enu-UI Voice Alias translation.DoubleStrikeoutVoice,text,DoubleStrikeoutVoice,
,enu-UI Voice Alias translation.GraphicVoice,text,GraphicVoice,
,enu-UI Voice Alias translation.HighlightVoice,text,HighlightVoice,
,enu-UI Voice Alias translation.HugeTextVoice,text,HugeTextVoice,
,enu-UI Voice Alias translation.LargeTextVoice,text,LargeTextVoice,
,enu-UI Voice Alias translation.SmallTextVoice,text,SmallTextVoice,
,enu-UI Voice Alias translation.TinyTextVoice,text,TinyTextVoice,
,enu-UI Voice Alias translation.SuperscriptVoice,text,SuperscriptVoice,
,enu-UI Voice Alias translation.SubscriptVoice,text,SubscriptVoice,
,enu-UI Voice Alias translation.ShadowVoice,text,ShadowVoice,
,enu-UI Voice Alias translation.EmbossVoice,text,EmbossVoice,
,enu-UI Voice Alias translation.EngraveVoice,text,EngraveVoice,
,enu-UI Voice Alias translation.OutlineVoice,text,OutlineVoice,
,enu-UI Voice Alias translation.HeadingLevel1Voice,text,HeadingLevel1Voice,
,enu-UI Voice Alias translation.HeadingLevel2Voice,text,HeadingLevel2Voice,
,enu-UI Voice Alias translation.HeadingLevel3Voice,text,HeadingLevel3Voice,
,enu-UI Voice Alias translation.HeadingLevel4Voice,text,HeadingLevel4Voice,
,enu-UI Voice Alias translation.HeadingLevel5Voice,text,HeadingLevel5Voice,
,enu-UI Voice Alias translation.HeadingLevel6Voice,text,HeadingLevel6Voice,
,enu-UI Voice Alias translation.LinkVoice,text,LinkVoice,
,enu-UI Voice Alias translation.SpellingVoice,text,SpellingVoice,
,enu-UI Voice Alias translation.QuotationVoice,text,QuotationVoice,
,enu-UI Voice Alias translation.SingleCapVoice,text,SingleCapVoice,
,enu-UI Voice Alias translation.AllCapsVoice,text,AllCapsVoice,
,enu-UI Voice Alias translation.SmallCapsVoice,text,SmallCapsVoice,
,enu-UI Voice Alias translation.KeyboardVoice,text,KeyboardVoice,
,enu-UI Voice Alias translation.MenuAndDialogVoice,text,MenuAndDialogVoice,
,enu-UI Voice Alias translation.GlobalVoice,text,GlobalVoice,
,enu-UI Voice Alias translation.OCRVoice,text,OCR Voice,
,default-Voice Aliases.SpellingVoice,text | percentage | precentage,*|0|-20%,
,default-Voice Aliases.SingleCapVoice,text | percentage | precentage,*|20%|0,
,default-Voice Aliases.AllCapsVoice,text | percentage | precentage,*|20%|0,
,default-Voice Aliases.OCRVoice,text | percentage | precentage,Rocko|-5%|-5%,